Arrondissements,Hopitaux,metro,bus,rer,stationautolib,stattionvelib,etablissement,Prixmetrecarree
1,0,7,23,3,8,30,12,11420
1,0,7,23,3,8,30,12,11060
1,0,7,23,3,8,30,12,11410
1,0,7,23,3,8,30,12,10250
1,0,7,23,3,8,30,12,10860
1,0,7,23,3,8,30,12,10630
1,0,7,23,3,8,30,12,10390
1,0,7,23,3,8,30,12,11030
1,0,7,23,3,8,30,12,10500
1,0,7,23,3,8,30,12,9870
1,0,7,23,3,8,30,12,9910
1,0,7,23,3,8,30,12,10690
1,0,7,23,3,8,30,12,10060
1,0,7,23,3,8,30,12,10640
1,0,7,23,3,8,30,12,9820
1,0,7,23,3,8,30,12,10280
1,0,7,23,3,8,30,12,10130
1,0,7,23,3,8,30,12,9870
1,0,7,23,3,8,30,12,11130
1,0,7,23,3,8,30,12,10560
1,0,7,23,3,8,30,12,10860
1,0,7,23,3,8,30,12,10920
1,0,7,23,3,8,30,12,10700
1,0,7,23,3,8,30,12,10460
1,0,7,23,3,8,30,12,10860
1,0,7,23,3,8,30,12,10660
1,0,7,23,3,8,30,12,9930
1,0,7,23,3,0,30,12,9510
1,0,7,23,3,0,30,12,9300
1,0,7,23,3,0,30,12,8910
1,0,7,23,3,0,30,12,8540
1,0,7,23,3,0,30,12,8390
1,0,7,23,3,0,30,12,8030
1,0,7,23,3,0,30,12,7980
1,0,7,23,3,0,30,12,8560
1,0,7,23,3,0,30,12,7900
1,0,7,23,3,0,30,12,8860
1,0,7,23,3,0,30,12,8220
1,0,7,23,3,0,30,12,8790
1,0,7,23,3,0,30,12,8310
1,0,7,23,3,0,30,12,7950
1,0,7,23,3,0,30,12,7330
1,0,7,23,3,0,30,12,7090
1,0,7,23,3,0,0,12,6930
1,0,7,23,3,0,0,12,7180
1,0,7,23,3,0,0,12,6960
1,0,7,23,3,0,0,12,6700
1,0,7,23,3,0,0,12,6610
1,0,7,23,3,0,0,12,6170
1,0,7,23,3,0,0,12,6150
1,0,7,23,3,0,0,12,6030
1,0,7,23,3,0,0,12,6510
1,0,7,23,3,0,0,12,6090
1,0,7,23,3,0,0,12,5690
1,0,7,23,3,0,0,12,5610
1,0,7,23,3,0,0,12,5100
1,0,7,23,3,0,0,12,4700
1,0,7,23,3,0,0,12,4750
1,0,7,23,3,0,0,12,4860
1,0,7,23,3,0,0,12,5010
1,0,7,23,3,0,0,12,4710
1,0,7,23,3,0,0,12,4210
1,0,7,23,3,0,0,12,3720
1,0,7,23,3,0,0,12,3940
1,0,7,23,3,0,0,12,4150
1,0,7,23,3,0,0,12,3930
1,0,7,23,3,0,0,12,3780
2,1,5,18,0,11,24,12,10500
2,1,5,18,0,11,24,12,10080
2,1,5,18,0,11,24,12,9830
2,1,5,18,0,11,24,12,9630
2,1,5,18,0,11,24,12,9920
2,1,5,18,0,11,24,12,9230
2,1,5,18,0,11,24,12,9670
2,1,5,18,0,11,24,12,9290
2,1,5,18,0,11,24,12,9560
2,1,5,18,0,11,24,12,9610
2,1,5,18,0,11,24,12,9450
2,1,5,18,0,11,24,12,9380
2,1,5,18,0,11,24,12,9190
2,1,5,18,0,11,24,12,10000
2,1,5,18,0,11,24,12,9620
2,1,5,18,0,11,24,12,9460
2,1,5,18,0,11,24,12,9700
2,1,5,18,0,11,24,12,9570
2,1,5,18,0,11,24,12,9760
2,1,5,18,0,11,24,12,9800
2,1,5,18,0,11,24,12,9250
2,1,5,18,0,11,24,12,9760
2,1,5,18,0,11,24,12,9130
2,1,5,18,0,11,24,12,9600
2,1,5,18,0,11,24,12,9430
2,1,5,18,0,11,24,12,9240
2,1,5,18,0,11,24,12,8700
2,1,5,18,0,0,24,12,8290
2,1,5,18,0,0,24,12,8010
2,1,5,18,0,0,24,12,7150
2,1,5,18,0,0,24,12,7210
2,1,5,18,0,0,24,12,6780
2,1,5,18,0,0,24,12,7150
2,1,5,18,0,0,24,12,6910
2,1,5,18,0,0,24,12,7500
2,1,5,18,0,0,24,12,7450
2,1,5,18,0,0,24,12,7360
2,1,5,18,0,0,24,12,7410
2,1,5,18,0,0,24,12,7020
2,1,5,18,0,0,24,12,7120
2,1,5,18,0,0,24,12,6770
2,1,5,18,0,0,24,12,6600
2,1,5,18,0,0,24,12,6450
2,1,5,18,0,0,0,12,6620
2,1,5,18,0,0,0,12,6520
2,1,5,18,0,0,0,12,6130
2,1,5,18,0,0,0,12,6210
2,1,5,18,0,0,0,12,5740
2,1,5,18,0,0,0,12,5700
2,1,5,18,0,0,0,12,5560
2,1,5,18,0,0,0,12,5440
2,1,5,18,0,0,0,12,5240
2,1,5,18,0,0,0,12,4970
2,1,5,18,0,0,0,12,4720
2,1,5,18,0,0,0,12,4650
2,1,5,18,0,0,0,12,4610
2,1,5,18,0,0,0,12,4150
2,1,5,18,0,0,0,12,4320
2,1,5,18,0,0,0,12,4090
2,1,5,18,0,0,0,12,3840
2,1,5,18,0,0,0,12,3940
2,1,5,18,0,0,0,12,3390
2,1,5,18,0,0,0,12,3580
2,1,5,18,0,0,0,12,3440
2,1,5,18,0,0,0,12,3350
2,1,5,18,0,0,0,12,3200
2,1,5,18,0,0,0,12,3290
3,1,6,13,0,12,15,29,11180
3,1,6,13,0,12,15,29,10310
3,1,6,13,0,12,15,29,10490
3,1,6,13,0,12,15,29,10260
3,1,6,13,0,12,15,29,9740
3,1,6,13,0,12,15,29,9960
3,1,6,13,0,12,15,29,9610
3,1,6,13,0,12,15,29,9550
3,1,6,13,0,12,15,29,9820
3,1,6,13,0,12,15,29,9670
3,1,6,13,0,12,15,29,9690
3,1,6,13,0,12,15,29,9620
3,1,6,13,0,12,15,29,9850
3,1,6,13,0,12,15,29,9830
3,1,6,13,0,12,15,29,9960
3,1,6,13,0,12,15,29,9720
3,1,6,13,0,12,15,29,10220
3,1,6,13,0,12,15,29,10200
3,1,6,13,0,12,15,29,10340
3,1,6,13,0,12,15,29,10320
3,1,6,13,0,12,15,29,10540
3,1,6,13,0,12,15,29,10170
3,1,6,13,0,12,15,29,10040
3,1,6,13,0,12,15,29,10320
3,1,6,13,0,12,15,29,10030
3,1,6,13,0,12,15,29,9560
3,1,6,13,0,12,15,29,9590
3,1,6,13,0,0,15,29,8440
3,1,6,13,0,0,15,29,8480
3,1,6,13,0,0,15,29,8020
3,1,6,13,0,0,15,29,7620
3,1,6,13,0,0,15,29,7450
3,1,6,13,0,0,15,29,7490
3,1,6,13,0,0,15,29,6830
3,1,6,13,0,0,15,29,7620
3,1,6,13,0,0,15,29,7620
3,1,6,13,0,0,15,29,8140
3,1,6,13,0,0,15,29,7950
3,1,6,13,0,0,15,29,7850
3,1,6,13,0,0,15,29,7820
3,1,6,13,0,0,15,29,7590
3,1,6,13,0,0,15,29,7320
3,1,6,13,0,0,15,29,7420
3,1,6,13,0,0,0,29,6750
3,1,6,13,0,0,0,29,6900
3,1,6,13,0,0,0,29,6520
3,1,6,13,0,0,0,29,6220
3,1,6,13,0,0,0,29,6170
3,1,6,13,0,0,0,29,5980
3,1,6,13,0,0,0,29,5790
3,1,6,13,0,0,0,29,5750
3,1,6,13,0,0,0,29,5380
3,1,6,13,0,0,0,29,5340
3,1,6,13,0,0,0,29,4960
3,1,6,13,0,0,0,29,4830
3,1,6,13,0,0,0,29,4810
3,1,6,13,0,0,0,29,4550
3,1,6,13,0,0,0,29,4250
3,1,6,13,0,0,0,29,3830
3,1,6,13,0,0,0,29,3970
3,1,6,13,0,0,0,29,3950
3,1,6,13,0,0,0,29,3730
3,1,6,13,0,0,0,29,3650
3,1,6,13,0,0,0,29,3610
3,1,6,13,0,0,0,29,3560
3,1,6,13,0,0,0,29,3600
3,1,6,13,0,0,0,29,3460
4,4,7,24,2,14,24,26,11670
4,4,7,24,2,14,24,26,11990
4,4,7,24,2,14,24,26,11630
4,4,7,24,2,14,24,26,11310
4,4,7,24,2,14,24,26,11550
4,4,7,24,2,14,24,26,11300
4,4,7,24,2,14,24,26,11330
4,4,7,24,2,14,24,26,11130
4,4,7,24,2,14,24,26,11520
4,4,7,24,2,14,24,26,10830
4,4,7,24,2,14,24,26,10280
4,4,7,24,2,14,24,26,10730
4,4,7,24,2,14,24,26,11250
4,4,7,24,2,14,24,26,11220
4,4,7,24,2,14,24,26,11070
4,4,7,24,2,14,24,26,11350
4,4,7,24,2,14,24,26,11000
4,4,7,24,2,14,24,26,11620
4,4,7,24,2,14,24,26,10670
4,4,7,24,2,14,24,26,11060
4,4,7,24,2,14,24,26,10980
4,4,7,24,2,14,24,26,10830
4,4,7,24,2,14,24,26,11070
4,4,7,24,2,14,24,26,10280
4,4,7,24,2,14,24,26,10980
4,4,7,24,2,14,24,26,11160
4,4,7,24,2,14,24,26,10220
4,4,7,24,2,0,24,26,9200
4,4,7,24,2,0,24,26,9510
4,4,7,24,2,0,24,26,8490
4,4,7,24,2,0,24,26,8760
4,4,7,24,2,0,24,26,8510
4,4,7,24,2,0,24,26,8350
4,4,7,24,2,0,24,26,8120
4,4,7,24,2,0,24,26,8520
4,4,7,24,2,0,24,26,8900
4,4,7,24,2,0,24,26,8620
4,4,7,24,2,0,24,26,8890
4,4,7,24,2,0,24,26,8290
4,4,7,24,2,0,24,26,8420
4,4,7,24,2,0,24,26,8180
4,4,7,24,2,0,24,26,7750
4,4,7,24,2,0,24,26,7590
4,4,7,24,2,0,0,26,7530
4,4,7,24,2,0,0,26,7760
4,4,7,24,2,0,0,26,7180
4,4,7,24,2,0,0,26,7300
4,4,7,24,2,0,0,26,6890
4,4,7,24,2,0,0,26,7120
4,4,7,24,2,0,0,26,6380
4,4,7,24,2,0,0,26,6370
4,4,7,24,2,0,0,26,6560
4,4,7,24,2,0,0,26,5660
4,4,7,24,2,0,0,26,5880
4,4,7,24,2,0,0,26,5740
4,4,7,24,2,0,0,26,5550
4,4,7,24,2,0,0,26,5320
4,4,7,24,2,0,0,26,5080
4,4,7,24,2,0,0,26,5140
4,4,7,24,2,0,0,26,4950
4,4,7,24,2,0,0,26,4940
4,4,7,24,2,0,0,26,4470
4,4,7,24,2,0,0,26,4660
4,4,7,24,2,0,0,26,4320
4,4,7,24,2,0,0,26,4480
4,4,7,24,2,0,0,26,4010
4,4,7,24,2,0,0,26,4420
5,9,4,2,24,17,39,46,11290
5,9,4,2,24,17,39,46,11010
5,9,4,2,24,17,39,46,11040
5,9,4,2,24,17,39,46,10720
5,9,4,2,24,17,39,46,10510
5,9,4,2,24,17,39,46,10390
5,9,4,2,24,17,39,46,9910
5,9,4,2,24,17,39,46,10300
5,9,4,2,24,17,39,46,9940
5,9,4,2,24,17,39,46,9850
5,9,4,2,24,17,39,46,9780
5,9,4,2,24,17,39,46,10540
5,9,4,2,24,17,39,46,9970
5,9,4,2,24,17,39,46,10110
5,9,4,2,24,17,39,46,9990
5,9,4,2,24,17,39,46,10050
5,9,4,2,24,17,39,46,10250
5,9,4,2,24,17,39,46,10210
5,9,4,2,24,17,39,46,10450
5,9,4,2,24,17,39,46,10370
5,9,4,2,24,17,39,46,10460
5,9,4,2,24,17,39,46,10610
5,9,4,2,24,17,39,46,10310
5,9,4,2,24,17,39,46,10180
5,9,4,2,24,17,39,46,10620
5,9,4,2,24,17,39,46,10240
5,9,4,2,24,17,39,46,9660
5,9,4,2,24,0,39,46,9230
5,9,4,2,24,0,39,46,9040
5,9,4,2,24,0,39,46,8380
5,9,4,2,24,0,39,46,8020
5,9,4,2,24,0,39,46,7850
5,9,4,2,24,0,39,46,7830
5,9,4,2,24,0,39,46,7950
5,9,4,2,24,0,39,46,7640
5,9,4,2,24,0,39,46,8340
5,9,4,2,24,0,39,46,8460
5,9,4,2,24,0,39,46,8190
5,9,4,2,24,0,39,46,7970
5,9,4,2,24,0,39,46,7720
5,9,4,2,24,0,39,46,7970
5,9,4,2,24,0,39,46,7570
5,9,4,2,24,0,39,46,7490
5,9,4,2,24,0,0,46,7040
5,9,4,2,24,0,0,46,7360
5,9,4,2,24,0,0,46,7030
5,9,4,2,24,0,0,46,6810
5,9,4,2,24,0,0,46,6850
5,9,4,2,24,0,0,46,6510
5,9,4,2,24,0,0,46,6170
5,9,4,2,24,0,0,46,6190
5,9,4,2,24,0,0,46,6220
5,9,4,2,24,0,0,46,6080
5,9,4,2,24,0,0,46,5800
5,9,4,2,24,0,0,46,5790
5,9,4,2,24,0,0,46,5450
5,9,4,2,24,0,0,46,5240
5,9,4,2,24,0,0,46,5220
5,9,4,2,24,0,0,46,5030
5,9,4,2,24,0,0,46,4750
5,9,4,2,24,0,0,46,4680
5,9,4,2,24,0,0,46,4560
5,9,4,2,24,0,0,46,4340
5,9,4,2,24,0,0,46,4470
5,9,4,2,24,0,0,46,4310
5,9,4,2,24,0,0,46,4210
5,9,4,2,24,0,0,46,4170
6,8,5,26,2,17,33,26,12220
6,8,5,26,2,17,33,26,12090
6,8,5,26,2,17,33,26,11730
6,8,5,26,2,17,33,26,11240
6,8,5,26,2,17,33,26,11250
6,8,5,26,2,17,33,26,11330
6,8,5,26,2,17,33,26,11370
6,8,5,26,2,17,33,26,11160
6,8,5,26,2,17,33,26,11560
6,8,5,26,2,17,33,26,12020
6,8,5,26,2,17,33,26,11430
6,8,5,26,2,17,33,26,11020
6,8,5,26,2,17,33,26,11810
6,8,5,26,2,17,33,26,11530
6,8,5,26,2,17,33,26,11780
6,8,5,26,2,17,33,26,12190
6,8,5,26,2,17,33,26,11740
6,8,5,26,2,17,33,26,12080
6,8,5,26,2,17,33,26,12030
6,8,5,26,2,17,33,26,12770
6,8,5,26,2,17,33,26,12450
6,8,5,26,2,17,33,26,12510
6,8,5,26,2,17,33,26,11930
6,8,5,26,2,17,33,26,12490
6,8,5,26,2,17,33,26,12220
6,8,5,26,2,17,33,26,11940
6,8,5,26,2,17,33,26,11500
6,8,5,26,2,0,33,26,10880
6,8,5,26,2,0,33,26,10330
6,8,5,26,2,0,33,26,9880
6,8,5,26,2,0,33,26,9480
6,8,5,26,2,0,33,26,8980
6,8,5,26,2,0,33,26,9430
6,8,5,26,2,0,33,26,9220
6,8,5,26,2,0,33,26,9950
6,8,5,26,2,0,33,26,9670
6,8,5,26,2,0,33,26,10160
6,8,5,26,2,0,33,26,9770
6,8,5,26,2,0,33,26,9820
6,8,5,26,2,0,33,26,9460
6,8,5,26,2,0,33,26,9160
6,8,5,26,2,0,33,26,8350
6,8,5,26,2,0,33,26,8820
6,8,5,26,2,0,0,26,8440
6,8,5,26,2,0,0,26,8200
6,8,5,26,2,0,0,26,7880
6,8,5,26,2,0,0,26,7780
6,8,5,26,2,0,0,26,7310
6,8,5,26,2,0,0,26,7560
6,8,5,26,2,0,0,26,7340
6,8,5,26,2,0,0,26,6830
6,8,5,26,2,0,0,26,6660
6,8,5,26,2,0,0,26,6750
6,8,5,26,2,0,0,26,6580
6,8,5,26,2,0,0,26,6460
6,8,5,26,2,0,0,26,6110
6,8,5,26,2,0,0,26,6070
6,8,5,26,2,0,0,26,6000
6,8,5,26,2,0,0,26,6150
6,8,5,26,2,0,0,26,5860
6,8,5,26,2,0,0,26,5580
6,8,5,26,2,0,0,26,5430
6,8,5,26,2,0,0,26,5210
6,8,5,26,2,0,0,26,5400
6,8,5,26,2,0,0,26,5220
6,8,5,26,2,0,0,26,5110
6,8,5,26,2,0,0,26,5180
7,4,4,21,1,16,29,22,12010
7,4,4,21,1,16,29,22,11690
7,4,4,21,1,16,29,22,10720
7,4,4,21,1,16,29,22,11130
7,4,4,21,1,16,29,22,11060
7,4,4,21,1,16,29,22,11230
7,4,4,21,1,16,29,22,11070
7,4,4,21,1,16,29,22,10860
7,4,4,21,1,16,29,22,10810
7,4,4,21,1,16,29,22,10960
7,4,4,21,1,16,29,22,10350
7,4,4,21,1,16,29,22,11010
7,4,4,21,1,16,29,22,11060
7,4,4,21,1,16,29,22,11070
7,4,4,21,1,16,29,22,11060
7,4,4,21,1,16,29,22,11430
7,4,4,21,1,16,29,22,11100
7,4,4,21,1,16,29,22,11240
7,4,4,21,1,16,29,22,10980
7,4,4,21,1,16,29,22,11360
7,4,4,21,1,16,29,22,11480
7,4,4,21,1,16,29,22,11920
7,4,4,21,1,16,29,22,11980
7,4,4,21,1,16,29,22,11810
7,4,4,21,1,16,29,22,11900
7,4,4,21,1,16,29,22,11630
7,4,4,21,1,16,29,22,11370
7,4,4,21,1,0,29,22,10410
7,4,4,21,1,0,29,22,9630
7,4,4,21,1,0,29,22,9440
7,4,4,21,1,0,29,22,9170
7,4,4,21,1,0,29,22,8790
7,4,4,21,1,0,29,22,8860
7,4,4,21,1,0,29,22,8660
7,4,4,21,1,0,29,22,9210
7,4,4,21,1,0,29,22,9370
7,4,4,21,1,0,29,22,9460
7,4,4,21,1,0,29,22,9340
7,4,4,21,1,0,29,22,9280
7,4,4,21,1,0,29,22,9000
7,4,4,21,1,0,29,22,8710
7,4,4,21,1,0,29,22,8720
7,4,4,21,1,0,29,22,8190
7,4,4,21,1,0,0,22,7890
7,4,4,21,1,0,0,22,7640
7,4,4,21,1,0,0,22,7660
7,4,4,21,1,0,0,22,7390
7,4,4,21,1,0,0,22,7160
7,4,4,21,1,0,0,22,7110
7,4,4,21,1,0,0,22,6860
7,4,4,21,1,0,0,22,6450
7,4,4,21,1,0,0,22,6330
7,4,4,21,1,0,0,22,6270
7,4,4,21,1,0,0,22,6370
7,4,4,21,1,0,0,22,6010
7,4,4,21,1,0,0,22,5770
7,4,4,21,1,0,0,22,5780
7,4,4,21,1,0,0,22,5430
7,4,4,21,1,0,0,22,5690
7,4,4,21,1,0,0,22,5380
7,4,4,21,1,0,0,22,5020
7,4,4,21,1,0,0,22,5210
7,4,4,21,1,0,0,22,4870
7,4,4,21,1,0,0,22,4940
7,4,4,21,1,0,0,22,5090
7,4,4,21,1,0,0,22,4760
7,4,4,21,1,0,0,22,4860
8,4,9,34,1,25,61,23,9950
8,4,9,34,1,25,61,23,9910
8,4,9,34,1,25,61,23,9900
8,4,9,34,1,25,61,23,9210
8,4,9,34,1,25,61,23,9270
8,4,9,34,1,25,61,23,9280
8,4,9,34,1,25,61,23,8980
8,4,9,34,1,25,61,23,9060
8,4,9,34,1,25,61,23,9130
8,4,9,34,1,25,61,23,9530
8,4,9,34,1,25,61,23,9060
8,4,9,34,1,25,61,23,9170
8,4,9,34,1,25,61,23,9330
8,4,9,34,1,25,61,23,9320
8,4,9,34,1,25,61,23,10090
8,4,9,34,1,25,61,23,9600
8,4,9,34,1,25,61,23,9400
8,4,9,34,1,25,61,23,9290
8,4,9,34,1,25,61,23,9930
8,4,9,34,1,25,61,23,9640
8,4,9,34,1,25,61,23,9880
8,4,9,34,1,25,61,23,9880
8,4,9,34,1,25,61,23,10020
8,4,9,34,1,25,61,23,10120
8,4,9,34,1,25,61,23,10100
8,4,9,34,1,25,61,23,9280
8,4,9,34,1,25,61,23,9310
8,4,9,34,1,0,61,23,8890
8,4,9,34,1,0,61,23,8080
8,4,9,34,1,0,61,23,7990
8,4,9,34,1,0,61,23,8080
8,4,9,34,1,0,61,23,8150
8,4,9,34,1,0,61,23,7450
8,4,9,34,1,0,61,23,7300
8,4,9,34,1,0,61,23,7430
8,4,9,34,1,0,61,23,7910
8,4,9,34,1,0,61,23,8560
8,4,9,34,1,0,61,23,7740
8,4,9,34,1,0,61,23,7900
8,4,9,34,1,0,61,23,8080
8,4,9,34,1,0,61,23,7460
8,4,9,34,1,0,61,23,7030
8,4,9,34,1,0,61,23,7510
8,4,9,34,1,0,0,23,6920
8,4,9,34,1,0,0,23,6500
8,4,9,34,1,0,0,23,6080
8,4,9,34,1,0,0,23,6260
8,4,9,34,1,0,0,23,5920
8,4,9,34,1,0,0,23,5940
8,4,9,34,1,0,0,23,5730
8,4,9,34,1,0,0,23,5600
8,4,9,34,1,0,0,23,5530
8,4,9,34,1,0,0,23,5090
8,4,9,34,1,0,0,23,5360
8,4,9,34,1,0,0,23,5160
8,4,9,34,1,0,0,23,5110
8,4,9,34,1,0,0,23,5080
8,4,9,34,1,0,0,23,4900
8,4,9,34,1,0,0,23,4890
8,4,9,34,1,0,0,23,4670
8,4,9,34,1,0,0,23,4450
8,4,9,34,1,0,0,23,4740
8,4,9,34,1,0,0,23,4440
8,4,9,34,1,0,0,23,4270
8,4,9,34,1,0,0,23,4330
8,4,9,34,1,0,0,23,4210
8,4,9,34,1,0,0,23,4000
9,5,9,23,2,20,46,42,9370
9,5,9,23,2,20,46,42,9260
9,5,9,23,2,20,46,42,8910
9,5,9,23,2,20,46,42,8600
9,5,9,23,2,20,46,42,8750
9,5,9,23,2,20,46,42,8430
9,5,9,23,2,20,46,42,8270
9,5,9,23,2,20,46,42,8300
9,5,9,23,2,20,46,42,8500
9,5,9,23,2,20,46,42,8230
9,5,9,23,2,20,46,42,8340
9,5,9,23,2,20,46,42,8450
9,5,9,23,2,20,46,42,8370
9,5,9,23,2,20,46,42,8640
9,5,9,23,2,20,46,42,8260
9,5,9,23,2,20,46,42,8290
9,5,9,23,2,20,46,42,8650
9,5,9,23,2,20,46,42,8410
9,5,9,23,2,20,46,42,8390
9,5,9,23,2,20,46,42,8300
9,5,9,23,2,20,46,42,8680
9,5,9,23,2,20,46,42,8460
9,5,9,23,2,20,46,42,8420
9,5,9,23,2,20,46,42,8750
9,5,9,23,2,20,46,42,8630
9,5,9,23,2,20,46,42,8230
9,5,9,23,2,20,46,42,7670
9,5,9,23,2,0,46,42,7430
9,5,9,23,2,0,46,42,6920
9,5,9,23,2,0,46,42,6640
9,5,9,23,2,0,46,42,6410
9,5,9,23,2,0,46,42,6110
9,5,9,23,2,0,46,42,6100
9,5,9,23,2,0,46,42,6120
9,5,9,23,2,0,46,42,6400
9,5,9,23,2,0,46,42,6480
9,5,9,23,2,0,46,42,6440
9,5,9,23,2,0,46,42,6390
9,5,9,23,2,0,46,42,6320
9,5,9,23,2,0,46,42,6190
9,5,9,23,2,0,46,42,6040
9,5,9,23,2,0,46,42,5930
9,5,9,23,2,0,46,42,5710
9,5,9,23,2,0,0,42,5550
9,5,9,23,2,0,0,42,5630
9,5,9,23,2,0,0,42,5300
9,5,9,23,2,0,0,42,5170
9,5,9,23,2,0,0,42,5110
9,5,9,23,2,0,0,42,4980
9,5,9,23,2,0,0,42,4770
9,5,9,23,2,0,0,42,4620
9,5,9,23,2,0,0,42,4330
9,5,9,23,2,0,0,42,4400
9,5,9,23,2,0,0,42,4170
9,5,9,23,2,0,0,42,3920
9,5,9,23,2,0,0,42,3760
9,5,9,23,2,0,0,42,3820
9,5,9,23,2,0,0,42,3670
9,5,9,23,2,0,0,42,3610
9,5,9,23,2,0,0,42,3460
9,5,9,23,2,0,0,42,3440
9,5,9,23,2,0,0,42,3280
9,5,9,23,2,0,0,42,3230
9,5,9,23,2,0,0,42,3170
9,5,9,23,2,0,0,42,3220
9,5,9,23,2,0,0,42,3130
9,5,9,23,2,0,0,42,3040
10,11,9,29,3,20,52,62,8400
10,11,9,29,3,20,52,62,8150
10,11,9,29,3,20,52,62,7990
10,11,9,29,3,20,52,62,7800
10,11,9,29,3,20,52,62,7740
10,11,9,29,3,20,52,62,7380
10,11,9,29,3,20,52,62,7540
10,11,9,29,3,20,52,62,7450
10,11,9,29,3,20,52,62,7310
10,11,9,29,3,20,52,62,7380
10,11,9,29,3,20,52,62,7400
10,11,9,29,3,20,52,62,7200
10,11,9,29,3,20,52,62,7370
10,11,9,29,3,20,52,62,7370
10,11,9,29,3,20,52,62,7670
10,11,9,29,3,20,52,62,7460
10,11,9,29,3,20,52,62,7430
10,11,9,29,3,20,52,62,7420
10,11,9,29,3,20,52,62,7300
10,11,9,29,3,20,52,62,7640
10,11,9,29,3,20,52,62,7500
10,11,9,29,3,20,52,62,7500
10,11,9,29,3,20,52,62,7150
10,11,9,29,3,20,52,62,7140
10,11,9,29,3,20,52,62,7400
10,11,9,29,3,20,52,62,7300
10,11,9,29,3,20,52,62,6810
10,11,9,29,3,0,52,62,6290
10,11,9,29,3,0,52,62,6220
10,11,9,29,3,0,52,62,5800
10,11,9,29,3,0,52,62,5740
10,11,9,29,3,0,52,62,5340
10,11,9,29,3,0,52,62,5370
10,11,9,29,3,0,52,62,5240
10,11,9,29,3,0,52,62,5500
10,11,9,29,3,0,52,62,5700
10,11,9,29,3,0,52,62,5760
10,11,9,29,3,0,52,62,5720
10,11,9,29,3,0,52,62,5560
10,11,9,29,3,0,52,62,5440
10,11,9,29,3,0,52,62,5400
10,11,9,29,3,0,52,62,5210
10,11,9,29,3,0,52,62,5090
10,11,9,29,3,0,0,62,5000
10,11,9,29,3,0,0,62,4940
10,11,9,29,3,0,0,62,4740
10,11,9,29,3,0,0,62,4650
10,11,9,29,3,0,0,62,4580
10,11,9,29,3,0,0,62,4440
10,11,9,29,3,0,0,62,4160
10,11,9,29,3,0,0,62,4110
10,11,9,29,3,0,0,62,3860
10,11,9,29,3,0,0,62,3680
10,11,9,29,3,0,0,62,3560
10,11,9,29,3,0,0,62,3290
10,11,9,29,3,0,0,62,3260
10,11,9,29,3,0,0,62,3320
10,11,9,29,3,0,0,62,3070
10,11,9,29,3,0,0,62,3080
10,11,9,29,3,0,0,62,2960
10,11,9,29,3,0,0,62,2760
10,11,9,29,3,0,0,62,2680
10,11,9,29,3,0,0,62,2550
10,11,9,29,3,0,0,62,2540
10,11,9,29,3,0,0,62,2550
10,11,9,29,3,0,0,62,2390
10,11,9,29,3,0,0,62,2300
11,5,8,20,1,30,55,92,8920
11,5,8,20,1,30,55,92,8680
11,5,8,20,1,30,55,92,8320
11,5,8,20,1,30,55,92,8270
11,5,8,20,1,30,55,92,8110
11,5,8,20,1,30,55,92,8010
11,5,8,20,1,30,55,92,7870
11,5,8,20,1,30,55,92,7840
11,5,8,20,1,30,55,92,7940
11,5,8,20,1,30,55,92,7770
11,5,8,20,1,30,55,92,7810
11,5,8,20,1,30,55,92,7800
11,5,8,20,1,30,55,92,7910
11,5,8,20,1,30,55,92,8000
11,5,8,20,1,30,55,92,7970
11,5,8,20,1,30,55,92,7960
11,5,8,20,1,30,55,92,7940
11,5,8,20,1,30,55,92,7990
11,5,8,20,1,30,55,92,7940
11,5,8,20,1,30,55,92,8120
11,5,8,20,1,30,55,92,8090
11,5,8,20,1,30,55,92,8090
11,5,8,20,1,30,55,92,8010
11,5,8,20,1,30,55,92,7950
11,5,8,20,1,30,55,92,7930
11,5,8,20,1,30,55,92,7730
11,5,8,20,1,30,55,92,7460
11,5,8,20,1,0,55,92,7050
11,5,8,20,1,0,55,92,6690
11,5,8,20,1,0,55,92,6410
11,5,8,20,1,0,55,92,6060
11,5,8,20,1,0,55,92,5910
11,5,8,20,1,0,55,92,5950
11,5,8,20,1,0,55,92,5700
11,5,8,20,1,0,55,92,5930
11,5,8,20,1,0,55,92,6090
11,5,8,20,1,0,55,92,6230
11,5,8,20,1,0,55,92,6200
11,5,8,20,1,0,55,92,6020
11,5,8,20,1,0,55,92,5960
11,5,8,20,1,0,55,92,5860
11,5,8,20,1,0,55,92,5600
11,5,8,20,1,0,55,92,5530
11,5,8,20,1,0,0,92,5400
11,5,8,20,1,0,0,92,5390
11,5,8,20,1,0,0,92,5240
11,5,8,20,1,0,0,92,5120
11,5,8,20,1,0,0,92,5010
11,5,8,20,1,0,0,92,4960
11,5,8,20,1,0,0,92,4690
11,5,8,20,1,0,0,92,4480
11,5,8,20,1,0,0,92,4280
11,5,8,20,1,0,0,92,4220
11,5,8,20,1,0,0,92,4020
11,5,8,20,1,0,0,92,3810
11,5,8,20,1,0,0,92,3760
11,5,8,20,1,0,0,92,3530
11,5,8,20,1,0,0,92,3470
11,5,8,20,1,0,0,92,3240
11,5,8,20,1,0,0,92,3250
11,5,8,20,1,0,0,92,3200
11,5,8,20,1,0,0,92,2990
11,5,8,20,1,0,0,92,2900
11,5,8,20,1,0,0,92,2900
11,5,8,20,1,0,0,92,2880
11,5,8,20,1,0,0,92,2740
11,5,8,20,1,0,0,92,2730
12,16,7,31,1,32,68,90,8350
12,16,7,31,1,32,68,90,8080
12,16,7,31,1,32,68,90,7930
12,16,7,31,1,32,68,90,7780
12,16,7,31,1,32,68,90,7740
12,16,7,31,1,32,68,90,7500
12,16,7,31,1,32,68,90,7450
12,16,7,31,1,32,68,90,7470
12,16,7,31,1,32,68,90,7680
12,16,7,31,1,32,68,90,7430
12,16,7,31,1,32,68,90,7540
12,16,7,31,1,32,68,90,7460
12,16,7,31,1,32,68,90,7750
12,16,7,31,1,32,68,90,7770
12,16,7,31,1,32,68,90,7690
12,16,7,31,1,32,68,90,7700
12,16,7,31,1,32,68,90,7810
12,16,7,31,1,32,68,90,7830
12,16,7,31,1,32,68,90,7860
12,16,7,31,1,32,68,90,7860
12,16,7,31,1,32,68,90,7820
12,16,7,31,1,32,68,90,7690
12,16,7,31,1,32,68,90,7750
12,16,7,31,1,32,68,90,7720
12,16,7,31,1,32,68,90,7830
12,16,7,31,1,32,68,90,7610
12,16,7,31,1,32,68,90,7210
12,16,7,31,1,0,68,90,6770
12,16,7,31,1,0,68,90,6540
12,16,7,31,1,0,68,90,6120
12,16,7,31,1,0,68,90,6040
12,16,7,31,1,0,68,90,5750
12,16,7,31,1,0,68,90,5790
12,16,7,31,1,0,68,90,5750
12,16,7,31,1,0,68,90,5840
12,16,7,31,1,0,68,90,5930
12,16,7,31,1,0,68,90,6200
12,16,7,31,1,0,68,90,6090
12,16,7,31,1,0,68,90,5860
12,16,7,31,1,0,68,90,6010
12,16,7,31,1,0,68,90,5790
12,16,7,31,1,0,68,90,5710
12,16,7,31,1,0,68,90,5580
12,16,7,31,1,0,0,90,5490
12,16,7,31,1,0,0,90,5380
12,16,7,31,1,0,0,90,5230
12,16,7,31,1,0,0,90,5090
12,16,7,31,1,0,0,90,4930
12,16,7,31,1,0,0,90,4860
12,16,7,31,1,0,0,90,4640
12,16,7,31,1,0,0,90,4510
12,16,7,31,1,0,0,90,4350
12,16,7,31,1,0,0,90,4270
12,16,7,31,1,0,0,90,4030
12,16,7,31,1,0,0,90,4000
12,16,7,31,1,0,0,90,3770
12,16,7,31,1,0,0,90,3660
12,16,7,31,1,0,0,90,3600
12,16,7,31,1,0,0,90,3400
12,16,7,31,1,0,0,90,3390
12,16,7,31,1,0,0,90,3190
12,16,7,31,1,0,0,90,3180
12,16,7,31,1,0,0,90,3000
12,16,7,31,1,0,0,90,2950
12,16,7,31,1,0,0,90,3020
12,16,7,31,1,0,0,90,2890
12,16,7,31,1,0,0,90,2810
13,17,5,17,1,32,73,137,8310
13,17,5,17,1,32,73,137,8090
13,17,5,17,1,32,73,137,7770
13,17,5,17,1,32,73,137,7920
13,17,5,17,1,32,73,137,7610
13,17,5,17,1,32,73,137,7450
13,17,5,17,1,32,73,137,7560
13,17,5,17,1,32,73,137,7470
13,17,5,17,1,32,73,137,7390
13,17,5,17,1,32,73,137,7260
13,17,5,17,1,32,73,137,7290
13,17,5,17,1,32,73,137,7580
13,17,5,17,1,32,73,137,7730
13,17,5,17,1,32,73,137,7630
13,17,5,17,1,32,73,137,7690
13,17,5,17,1,32,73,137,7600
13,17,5,17,1,32,73,137,7870
13,17,5,17,1,32,73,137,7700
13,17,5,17,1,32,73,137,7840
13,17,5,17,1,32,73,137,7740
13,17,5,17,1,32,73,137,7850
13,17,5,17,1,32,73,137,7950
13,17,5,17,1,32,73,137,7640
13,17,5,17,1,32,73,137,7720
13,17,5,17,1,32,73,137,7680
13,17,5,17,1,32,73,137,7580
13,17,5,17,1,32,73,137,7120
13,17,5,17,1,0,73,137,6810
13,17,5,17,1,0,73,137,6650
13,17,5,17,1,0,73,137,6250
13,17,5,17,1,0,73,137,6010
13,17,5,17,1,0,73,137,5720
13,17,5,17,1,0,73,137,5840
13,17,5,17,1,0,73,137,5710
13,17,5,17,1,0,73,137,5880
13,17,5,17,1,0,73,137,6120
13,17,5,17,1,0,73,137,6140
13,17,5,17,1,0,73,137,6080
13,17,5,17,1,0,73,137,5940
13,17,5,17,1,0,73,137,5940
13,17,5,17,1,0,73,137,5980
13,17,5,17,1,0,73,137,5730
13,17,5,17,1,0,73,137,5520
13,17,5,17,1,0,0,137,5450
13,17,5,17,1,0,0,137,5500
13,17,5,17,1,0,0,137,5350
13,17,5,17,1,0,0,137,5240
13,17,5,17,1,0,0,137,5090
13,17,5,17,1,0,0,137,4990
13,17,5,17,1,0,0,137,4740
13,17,5,17,1,0,0,137,4650
13,17,5,17,1,0,0,137,4490
13,17,5,17,1,0,0,137,4410
13,17,5,17,1,0,0,137,4130
13,17,5,17,1,0,0,137,3970
13,17,5,17,1,0,0,137,4050
13,17,5,17,1,0,0,137,3880
13,17,5,17,1,0,0,137,3700
13,17,5,17,1,0,0,137,3480
13,17,5,17,1,0,0,137,3390
13,17,5,17,1,0,0,137,3380
13,17,5,17,1,0,0,137,3140
13,17,5,17,1,0,0,137,3100
13,17,5,17,1,0,0,137,3090
13,17,5,17,1,0,0,137,3090
13,17,5,17,1,0,0,137,2890
13,17,5,17,1,0,0,137,2900
14,33,4,17,1,28,58,81,8720
14,33,4,17,1,28,58,81,8880
14,33,4,17,1,28,58,81,8550
14,33,4,17,1,28,58,81,8450
14,33,4,17,1,28,58,81,8320
14,33,4,17,1,28,58,81,8460
14,33,4,17,1,28,58,81,8300
14,33,4,17,1,28,58,81,8270
14,33,4,17,1,28,58,81,8370
14,33,4,17,1,28,58,81,8150
14,33,4,17,1,28,58,81,8170
14,33,4,17,1,28,58,81,8250
14,33,4,17,1,28,58,81,8510
14,33,4,17,1,28,58,81,8180
14,33,4,17,1,28,58,81,8350
14,33,4,17,1,28,58,81,8330
14,33,4,17,1,28,58,81,8580
14,33,4,17,1,28,58,81,8380
14,33,4,17,1,28,58,81,8710
14,33,4,17,1,28,58,81,8570
14,33,4,17,1,28,58,81,8590
14,33,4,17,1,28,58,81,8490
14,33,4,17,1,28,58,81,8560
14,33,4,17,1,28,58,81,8630
14,33,4,17,1,28,58,81,8560
14,33,4,17,1,28,58,81,8280
14,33,4,17,1,28,58,81,7990
14,33,4,17,1,0,58,81,7690
14,33,4,17,1,0,58,81,7180
14,33,4,17,1,0,58,81,6910
14,33,4,17,1,0,58,81,6520
14,33,4,17,1,0,58,81,6530
14,33,4,17,1,0,58,81,6470
14,33,4,17,1,0,58,81,6340
14,33,4,17,1,0,58,81,6570
14,33,4,17,1,0,58,81,6750
14,33,4,17,1,0,58,81,6980
14,33,4,17,1,0,58,81,6810
14,33,4,17,1,0,58,81,6690
14,33,4,17,1,0,58,81,6420
14,33,4,17,1,0,58,81,6440
14,33,4,17,1,0,58,81,6200
14,33,4,17,1,0,58,81,6090
14,33,4,17,1,0,0,81,6030
14,33,4,17,1,0,0,81,6050
14,33,4,17,1,0,0,81,5880
14,33,4,17,1,0,0,81,5710
14,33,4,17,1,0,0,81,5610
14,33,4,17,1,0,0,81,5530
14,33,4,17,1,0,0,81,5350
14,33,4,17,1,0,0,81,5110
14,33,4,17,1,0,0,81,4830
14,33,4,17,1,0,0,81,4880
14,33,4,17,1,0,0,81,4660
14,33,4,17,1,0,0,81,4560
14,33,4,17,1,0,0,81,4320
14,33,4,17,1,0,0,81,4160
14,33,4,17,1,0,0,81,4170
14,33,4,17,1,0,0,81,3930
14,33,4,17,1,0,0,81,3850
14,33,4,17,1,0,0,81,3790
14,33,4,17,1,0,0,81,3600
14,33,4,17,1,0,0,81,3540
14,33,4,17,1,0,0,81,3470
14,33,4,17,1,0,0,81,3410
14,33,4,17,1,0,0,81,3440
14,33,4,17,1,0,0,81,3230
15,29,6,21,1,47,89,121,9030
15,29,6,21,1,47,89,121,8710
15,29,6,21,1,47,89,121,8500
15,29,6,21,1,47,89,121,8410
15,29,6,21,1,47,89,121,8450
15,29,6,21,1,47,89,121,8260
15,29,6,21,1,47,89,121,8170
15,29,6,21,1,47,89,121,8130
15,29,6,21,1,47,89,121,8270
15,29,6,21,1,47,89,121,8020
15,29,6,21,1,47,89,121,8230
15,29,6,21,1,47,89,121,8300
15,29,6,21,1,47,89,121,8360
15,29,6,21,1,47,89,121,8350
15,29,6,21,1,47,89,121,8350
15,29,6,21,1,47,89,121,8450
15,29,6,21,1,47,89,121,8540
15,29,6,21,1,47,89,121,8610
15,29,6,21,1,47,89,121,8400
15,29,6,21,1,47,89,121,8550
15,29,6,21,1,47,89,121,8660
15,29,6,21,1,47,89,121,8560
15,29,6,21,1,47,89,121,8500
15,29,6,21,1,47,89,121,8600
15,29,6,21,1,47,89,121,8570
15,29,6,21,1,47,89,121,8340
15,29,6,21,1,47,89,121,7840
15,29,6,21,1,0,89,121,7470
15,29,6,21,1,0,89,121,7260
15,29,6,21,1,0,89,121,6820
15,29,6,21,1,0,89,121,6570
15,29,6,21,1,0,89,121,6320
15,29,6,21,1,0,89,121,6260
15,29,6,21,1,0,89,121,6200
15,29,6,21,1,0,89,121,6400
15,29,6,21,1,0,89,121,6640
15,29,6,21,1,0,89,121,6710
15,29,6,21,1,0,89,121,6770
15,29,6,21,1,0,89,121,6580
15,29,6,21,1,0,89,121,6550
15,29,6,21,1,0,89,121,6470
15,29,6,21,1,0,89,121,6260
15,29,6,21,1,0,89,121,6170
15,29,6,21,1,0,0,121,6060
15,29,6,21,1,0,0,121,5940
15,29,6,21,1,0,0,121,5760
15,29,6,21,1,0,0,121,5630
15,29,6,21,1,0,0,121,5660
15,29,6,21,1,0,0,121,5540
15,29,6,21,1,0,0,121,5140
15,29,6,21,1,0,0,121,4950
15,29,6,21,1,0,0,121,4850
15,29,6,21,1,0,0,121,4750
15,29,6,21,1,0,0,121,4590
15,29,6,21,1,0,0,121,4430
15,29,6,21,1,0,0,121,4300
15,29,6,21,1,0,0,121,4280
15,29,6,21,1,0,0,121,4030
15,29,6,21,1,0,0,121,3940
15,29,6,21,1,0,0,121,3810
15,29,6,21,1,0,0,121,3760
15,29,6,21,1,0,0,121,3570
15,29,6,21,1,0,0,121,3480
15,29,6,21,1,0,0,121,3460
15,29,6,21,1,0,0,121,3450
15,29,6,21,1,0,0,121,3360
15,29,6,21,1,0,0,121,3240
16,11,5,15,2,32,64,50,9470
16,11,5,15,2,32,64,50,9320
16,11,5,15,2,32,64,50,8900
16,11,5,15,2,32,64,50,8850
16,11,5,15,2,32,64,50,8860
16,11,5,15,2,32,64,50,8750
16,11,5,15,2,32,64,50,8690
16,11,5,15,2,32,64,50,8570
16,11,5,15,2,32,64,50,8610
16,11,5,15,2,32,64,50,8500
16,11,5,15,2,32,64,50,8600
16,11,5,15,2,32,64,50,8660
16,11,5,15,2,32,64,50,8870
16,11,5,15,2,32,64,50,8950
16,11,5,15,2,32,64,50,8780
16,11,5,15,2,32,64,50,9020
16,11,5,15,2,32,64,50,9120
16,11,5,15,2,32,64,50,9060
16,11,5,15,2,32,64,50,9160
16,11,5,15,2,32,64,50,9160
16,11,5,15,2,32,64,50,9590
16,11,5,15,2,32,64,50,9240
16,11,5,15,2,32,64,50,9140
16,11,5,15,2,32,64,50,9310
16,11,5,15,2,32,64,50,9200
16,11,5,15,2,32,64,50,9120
16,11,5,15,2,32,64,50,8770
16,11,5,15,2,0,64,50,8190
16,11,5,15,2,0,64,50,7700
16,11,5,15,2,0,64,50,7470
16,11,5,15,2,0,64,50,7170
16,11,5,15,2,0,64,50,6790
16,11,5,15,2,0,64,50,6880
16,11,5,15,2,0,64,50,6780
16,11,5,15,2,0,64,50,7080
16,11,5,15,2,0,64,50,7270
16,11,5,15,2,0,64,50,7570
16,11,5,15,2,0,64,50,7390
16,11,5,15,2,0,64,50,7280
16,11,5,15,2,0,64,50,7130
16,11,5,15,2,0,64,50,7000
16,11,5,15,2,0,64,50,6730
16,11,5,15,2,0,64,50,6500
16,11,5,15,2,0,0,50,6490
16,11,5,15,2,0,0,50,6260
16,11,5,15,2,0,0,50,6120
16,11,5,15,2,0,0,50,5960
16,11,5,15,2,0,0,50,5960
16,11,5,15,2,0,0,50,5640
16,11,5,15,2,0,0,50,5610
16,11,5,15,2,0,0,50,5370
16,11,5,15,2,0,0,50,5280
16,11,5,15,2,0,0,50,5150
16,11,5,15,2,0,0,50,5100
16,11,5,15,2,0,0,50,4890
16,11,5,15,2,0,0,50,4720
16,11,5,15,2,0,0,50,4830
16,11,5,15,2,0,0,50,4620
16,11,5,15,2,0,0,50,4600
16,11,5,15,2,0,0,50,4570
16,11,5,15,2,0,0,50,4440
16,11,5,15,2,0,0,50,4230
16,11,5,15,2,0,0,50,4160
16,11,5,15,2,0,0,50,4220
16,11,5,15,2,0,0,50,4130
16,11,5,15,2,0,0,50,4030
16,11,5,15,2,0,0,50,3980
17,4,5,31,1,31,64,82,9050
17,4,5,31,1,31,64,82,8820
17,4,5,31,1,31,64,82,8500
17,4,5,31,1,31,64,82,8460
17,4,5,31,1,31,64,82,8300
17,4,5,31,1,31,64,82,8170
17,4,5,31,1,31,64,82,8030
17,4,5,31,1,31,64,82,7970
17,4,5,31,1,31,64,82,8060
17,4,5,31,1,31,64,82,7950
17,4,5,31,1,31,64,82,8020
17,4,5,31,1,31,64,82,7940
17,4,5,31,1,31,64,82,8140
17,4,5,31,1,31,64,82,8210
17,4,5,31,1,31,64,82,8190
17,4,5,31,1,31,64,82,8030
17,4,5,31,1,31,64,82,8260
17,4,5,31,1,31,64,82,8210
17,4,5,31,1,31,64,82,8370
17,4,5,31,1,31,64,82,8460
17,4,5,31,1,31,64,82,8570
17,4,5,31,1,31,64,82,8450
17,4,5,31,1,31,64,82,8320
17,4,5,31,1,31,64,82,8400
17,4,5,31,1,31,64,82,8550
17,4,5,31,1,31,64,82,8150
17,4,5,31,1,31,64,82,7780
17,4,5,31,1,0,64,82,7390
17,4,5,31,1,0,64,82,7010
17,4,5,31,1,0,64,82,6660
17,4,5,31,1,0,64,82,6380
17,4,5,31,1,0,64,82,6240
17,4,5,31,1,0,64,82,6070
17,4,5,31,1,0,64,82,5970
17,4,5,31,1,0,64,82,6280
17,4,5,31,1,0,64,82,6370
17,4,5,31,1,0,64,82,6500
17,4,5,31,1,0,64,82,6480
17,4,5,31,1,0,64,82,6280
17,4,5,31,1,0,64,82,6240
17,4,5,31,1,0,64,82,6150
17,4,5,31,1,0,64,82,5860
17,4,5,31,1,0,64,82,5840
17,4,5,31,1,0,0,82,5590
17,4,5,31,1,0,0,82,5570
17,4,5,31,1,0,0,82,5420
17,4,5,31,1,0,0,82,5380
17,4,5,31,1,0,0,82,5160
17,4,5,31,1,0,0,82,5170
17,4,5,31,1,0,0,82,4900
17,4,5,31,1,0,0,82,4750
17,4,5,31,1,0,0,82,4560
17,4,5,31,1,0,0,82,4390
17,4,5,31,1,0,0,82,4290
17,4,5,31,1,0,0,82,4050
17,4,5,31,1,0,0,82,3950
17,4,5,31,1,0,0,82,3950
17,4,5,31,1,0,0,82,3710
17,4,5,31,1,0,0,82,3610
17,4,5,31,1,0,0,82,3430
17,4,5,31,1,0,0,82,3480
17,4,5,31,1,0,0,82,3300
17,4,5,31,1,0,0,82,3230
17,4,5,31,1,0,0,82,3160
17,4,5,31,1,0,0,82,3160
17,4,5,31,1,0,0,82,3020
17,4,5,31,1,0,0,82,3140
18,12,4,20,0,29,63,130,8280
18,12,4,20,0,29,63,130,7770
18,12,4,20,0,29,63,130,7660
18,12,4,20,0,29,63,130,7640
18,12,4,20,0,29,63,130,7510
18,12,4,20,0,29,63,130,7310
18,12,4,20,0,29,63,130,7230
18,12,4,20,0,29,63,130,7160
18,12,4,20,0,29,63,130,7210
18,12,4,20,0,29,63,130,7160
18,12,4,20,0,29,63,130,6990
18,12,4,20,0,29,63,130,7070
18,12,4,20,0,29,63,130,7130
18,12,4,20,0,29,63,130,7200
18,12,4,20,0,29,63,130,7060
18,12,4,20,0,29,63,130,7250
18,12,4,20,0,29,63,130,7180
18,12,4,20,0,29,63,130,7200
18,12,4,20,0,29,63,130,7340
18,12,4,20,0,29,63,130,6980
18,12,4,20,0,29,63,130,7270
18,12,4,20,0,29,63,130,7380
18,12,4,20,0,29,63,130,7310
18,12,4,20,0,29,63,130,7380
18,12,4,20,0,29,63,130,7310
18,12,4,20,0,29,63,130,7090
18,12,4,20,0,29,63,130,6660
18,12,4,20,0,0,63,130,6450
18,12,4,20,0,0,63,130,6220
18,12,4,20,0,0,63,130,5890
18,12,4,20,0,0,63,130,5630
18,12,4,20,0,0,63,130,5390
18,12,4,20,0,0,63,130,5410
18,12,4,20,0,0,63,130,5250
18,12,4,20,0,0,63,130,5460
18,12,4,20,0,0,63,130,5600
18,12,4,20,0,0,63,130,5850
18,12,4,20,0,0,63,130,5680
18,12,4,20,0,0,63,130,5520
18,12,4,20,0,0,63,130,5530
18,12,4,20,0,0,63,130,5370
18,12,4,20,0,0,63,130,5290
18,12,4,20,0,0,63,130,5150
18,12,4,20,0,0,0,130,5120
18,12,4,20,0,0,0,130,5030
18,12,4,20,0,0,0,130,4790
18,12,4,20,0,0,0,130,4620
18,12,4,20,0,0,0,130,4570
18,12,4,20,0,0,0,130,4490
18,12,4,20,0,0,0,130,4220
18,12,4,20,0,0,0,130,4050
18,12,4,20,0,0,0,130,3840
18,12,4,20,0,0,0,130,3730
18,12,4,20,0,0,0,130,3540
18,12,4,20,0,0,0,130,3350
18,12,4,20,0,0,0,130,3290
18,12,4,20,0,0,0,130,3130
18,12,4,20,0,0,0,130,2980
18,12,4,20,0,0,0,130,2840
18,12,4,20,0,0,0,130,2730
18,12,4,20,0,0,0,130,2690
18,12,4,20,0,0,0,130,2610
18,12,4,20,0,0,0,130,2510
18,12,4,20,0,0,0,130,2450
18,12,4,20,0,0,0,130,2460
18,12,4,20,0,0,0,130,2360
18,12,4,20,0,0,0,130,2350
19,10,6,27,0,31,68,151,7090
19,10,6,27,0,31,68,151,6940
19,10,6,27,0,31,68,151,6790
19,10,6,27,0,31,68,151,6720
19,10,6,27,0,31,68,151,6860
19,10,6,27,0,31,68,151,6480
19,10,6,27,0,31,68,151,6280
19,10,6,27,0,31,68,151,6390
19,10,6,27,0,31,68,151,6540
19,10,6,27,0,31,68,151,6420
19,10,6,27,0,31,68,151,6580
19,10,6,27,0,31,68,151,6570
19,10,6,27,0,31,68,151,6710
19,10,6,27,0,31,68,151,6660
19,10,6,27,0,31,68,151,6680
19,10,6,27,0,31,68,151,6650
19,10,6,27,0,31,68,151,6820
19,10,6,27,0,31,68,151,6600
19,10,6,27,0,31,68,151,6760
19,10,6,27,0,31,68,151,6670
19,10,6,27,0,31,68,151,6760
19,10,6,27,0,31,68,151,6630
19,10,6,27,0,31,68,151,6570
19,10,6,27,0,31,68,151,6520
19,10,6,27,0,31,68,151,6650
19,10,6,27,0,31,68,151,6440
19,10,6,27,0,31,68,151,6300
19,10,6,27,0,0,68,151,5770
19,10,6,27,0,0,68,151,5690
19,10,6,27,0,0,68,151,5310
19,10,6,27,0,0,68,151,5140
19,10,6,27,0,0,68,151,4870
19,10,6,27,0,0,68,151,4930
19,10,6,27,0,0,68,151,4750
19,10,6,27,0,0,68,151,4920
19,10,6,27,0,0,68,151,5120
19,10,6,27,0,0,68,151,5320
19,10,6,27,0,0,68,151,5290
19,10,6,27,0,0,68,151,5170
19,10,6,27,0,0,68,151,5120
19,10,6,27,0,0,68,151,4990
19,10,6,27,0,0,68,151,4780
19,10,6,27,0,0,68,151,4700
19,10,6,27,0,0,0,151,4670
19,10,6,27,0,0,0,151,4560
19,10,6,27,0,0,0,151,4380
19,10,6,27,0,0,0,151,4310
19,10,6,27,0,0,0,151,4130
19,10,6,27,0,0,0,151,4060
19,10,6,27,0,0,0,151,3860
19,10,6,27,0,0,0,151,3590
19,10,6,27,0,0,0,151,3490
19,10,6,27,0,0,0,151,3420
19,10,6,27,0,0,0,151,3210
19,10,6,27,0,0,0,151,3010
19,10,6,27,0,0,0,151,3000
19,10,6,27,0,0,0,151,2950
19,10,6,27,0,0,0,151,2800
19,10,6,27,0,0,0,151,2670
19,10,6,27,0,0,0,151,2590
19,10,6,27,0,0,0,151,2570
19,10,6,27,0,0,0,151,2410
19,10,6,27,0,0,0,151,2340
19,10,6,27,0,0,0,151,2320
19,10,6,27,0,0,0,151,2320
19,10,6,27,0,0,0,151,2200
19,10,6,27,0,0,0,151,2140
20,10,6,18,0,33,71,122,7610
20,10,6,18,0,33,71,122,7200
20,10,6,18,0,33,71,122,7250
20,10,6,18,0,33,71,122,7060
20,10,6,18,0,33,71,122,7090
20,10,6,18,0,33,71,122,6820
20,10,6,18,0,33,71,122,6810
20,10,6,18,0,33,71,122,6710
20,10,6,18,0,33,71,122,6810
20,10,6,18,0,33,71,122,6710
20,10,6,18,0,33,71,122,6840
20,10,6,18,0,33,71,122,6810
20,10,6,18,0,33,71,122,6880
20,10,6,18,0,33,71,122,6810
20,10,6,18,0,33,71,122,6870
20,10,6,18,0,33,71,122,6870
20,10,6,18,0,33,71,122,7070
20,10,6,18,0,33,71,122,6840
20,10,6,18,0,33,71,122,7100
20,10,6,18,0,33,71,122,6840
20,10,6,18,0,33,71,122,7070
20,10,6,18,0,33,71,122,6840
20,10,6,18,0,33,71,122,6790
20,10,6,18,0,33,71,122,7120
20,10,6,18,0,33,71,122,7130
20,10,6,18,0,33,71,122,6740
20,10,6,18,0,33,71,122,6330
20,10,6,18,0,0,71,122,6120
20,10,6,18,0,0,71,122,5870
20,10,6,18,0,0,71,122,5560
20,10,6,18,0,0,71,122,5360
20,10,6,18,0,0,71,122,5250
20,10,6,18,0,0,71,122,5210
20,10,6,18,0,0,71,122,5050
20,10,6,18,0,0,71,122,5120
20,10,6,18,0,0,71,122,5490
20,10,6,18,0,0,71,122,5460
20,10,6,18,0,0,71,122,5460
20,10,6,18,0,0,71,122,5400
20,10,6,18,0,0,71,122,5400
20,10,6,18,0,0,71,122,5280
20,10,6,18,0,0,71,122,5090
20,10,6,18,0,0,71,122,5010
20,10,6,18,0,0,0,122,4830
20,10,6,18,0,0,0,122,4800
20,10,6,18,0,0,0,122,4720
20,10,6,18,0,0,0,122,4540
20,10,6,18,0,0,0,122,4400
20,10,6,18,0,0,0,122,4290
20,10,6,18,0,0,0,122,3980
20,10,6,18,0,0,0,122,3960
20,10,6,18,0,0,0,122,3740
20,10,6,18,0,0,0,122,3680
20,10,6,18,0,0,0,122,3440
20,10,6,18,0,0,0,122,3330
20,10,6,18,0,0,0,122,3150
20,10,6,18,0,0,0,122,3110
20,10,6,18,0,0,0,122,2900
20,10,6,18,0,0,0,122,2790
20,10,6,18,0,0,0,122,2730
20,10,6,18,0,0,0,122,2590
20,10,6,18,0,0,0,122,2510
20,10,6,18,0,0,0,122,2450
20,10,6,18,0,0,0,122,2380
20,10,6,18,0,0,0,122,2400
20,10,6,18,0,0,0,122,2310
20,10,6,18,0,0,0,122,2210
